{"cameraMode":{"drawMode":0,"name":"Shaded","section":"Shading Mode"},"sceneLighting":true,"audioPlay":false,"sceneViewState":{"showFog":true,"showMaterialUpdate":true,"showSkybox":true,"showFlares":true,"showImageEffects":true,"showParticleSystems":true},"in2DMode":false,"pivot":{"x":6.3496551513671879,"y":-8.416248321533204,"z":10.399625778198243},"rotation":{"x":0.27345725893974306,"y":0.18326328694820405,"z":-0.05315842479467392,"w":0.9427727460861206},"size":10.0,"orthographic":false}