{"cameraMode":{"drawMode":0,"name":"Shaded","section":"Shading Mode"},"sceneLighting":false,"audioPlay":false,"sceneViewState":{"showFog":true,"showMaterialUpdate":true,"showSkybox":false,"showFlares":true,"showImageEffects":true,"showParticleSystems":true},"in2DMode":false,"pivot":{"x":847.3289794921875,"y":432.169677734375,"z":13.250533103942871},"rotation":{"x":-0.04073977470397949,"y":-0.05420263484120369,"z":0.002207208424806595,"w":-0.9977284073829651},"size":154.616455078125,"orthographic":false}