{"cameraMode":{"drawMode":0,"name":"Shaded","section":"Shading Mode"},"sceneLighting":true,"audioPlay":false,"sceneViewState":{"showFog":true,"showMaterialUpdate":true,"showSkybox":true,"showFlares":true,"showImageEffects":true,"showParticleSystems":true},"in2DMode":false,"pivot":{"x":3.267629623413086,"y":0.8860454559326172,"z":-4.747539520263672},"rotation":{"x":-0.12295979261398316,"y":0.26143133640289309,"z":-0.03358730673789978,"w":-0.9567856788635254},"size":10.0,"orthographic":false}