{"cameraMode":{"drawMode":0,"name":"Shaded","section":"Shading Mode"},"sceneLighting":true,"audioPlay":false,"sceneViewState":{"showFog":true,"showMaterialUpdate":true,"showSkybox":true,"showFlares":true,"showImageEffects":true,"showParticleSystems":true},"in2DMode":false,"pivot":{"x":909.05517578125,"y":432.4744873046875,"z":-887.5362548828125},"rotation":{"x":0.01619015447795391,"y":0.004227133933454752,"z":0.00005968012192170136,"w":-0.9998928308486939},"size":10.0,"orthographic":false}