{"cameraMode":{"drawMode":0,"name":"Shaded","section":"Shading Mode"},"sceneLighting":true,"audioPlay":false,"sceneViewState":{"showFog":true,"showMaterialUpdate":true,"showSkybox":true,"showFlares":true,"showImageEffects":true,"showParticleSystems":true},"in2DMode":false,"pivot":{"x":-3.939746141433716,"y":-2.8140721321105959,"z":1.8148102760314942},"rotation":{"x":-0.17109553515911103,"y":0.33921822905540469,"z":-0.0628976821899414,"w":-0.9229114055633545},"size":10.0,"orthographic":false}