{"cameraMode":{"drawMode":0,"name":"Shaded","section":"Shading Mode"},"sceneLighting":true,"audioPlay":false,"sceneViewState":{"showFog":true,"showMaterialUpdate":true,"showSkybox":true,"showFlares":true,"showImageEffects":true,"showParticleSystems":true},"in2DMode":false,"pivot":{"x":930.5740966796875,"y":511.3652038574219,"z":-652.2943725585938},"rotation":{"x":-0.028788534924387933,"y":0.03570641204714775,"z":-0.0010158601216971875,"w":-0.9989752769470215},"size":126.39533996582031,"orthographic":false}