{"cameraMode":{"drawMode":0,"name":"Shaded","section":"Shading Mode"},"sceneLighting":true,"audioPlay":false,"sceneViewState":{"showFog":true,"showMaterialUpdate":true,"showSkybox":true,"showFlares":true,"showImageEffects":true,"showParticleSystems":true},"in2DMode":false,"pivot":{"x":86.08072662353516,"y":-64.93327331542969,"z":200.85012817382813},"rotation":{"x":-0.14403337240219117,"y":-0.19048161804676057,"z":0.028270626440644265,"w":-0.9706856608390808},"size":126.39533996582031,"orthographic":false}