{"cameraMode":{"drawMode":0,"name":"Shaded","section":"Shading Mode"},"sceneLighting":false,"audioPlay":false,"sceneViewState":{"showFog":true,"showMaterialUpdate":true,"showSkybox":false,"showFlares":true,"showImageEffects":true,"showParticleSystems":true},"in2DMode":false,"pivot":{"x":1639.640625,"y":812.8560180664063,"z":-38.409996032714847},"rotation":{"x":-0.12381216138601303,"y":0.183197021484375,"z":-0.02325674518942833,"w":-0.9749995470046997},"size":145.010009765625,"orthographic":false}