{"cameraMode":{"drawMode":0,"name":"Shaded","section":"Shading Mode"},"sceneLighting":true,"audioPlay":false,"sceneViewState":{"m_AlwaysRefresh":false,"showFog":true,"showSkybox":true,"showFlares":true,"showImageEffects":true,"showParticleSystems":true,"showVisualEffectGraphs":true,"m_FxEnabled":true},"in2DMode":false,"pivot":{"x":256.7354431152344,"y":155.02540588378907,"z":-57.97806930541992},"rotation":{"x":-0.1467728316783905,"y":0.00800828542560339,"z":-0.0011880719102919102,"w":-0.9891406893730164},"size":21.323562622070314,"orthographic":false}